{ "Latitude": -17.516412, "Longitude": -63.167541, "Status": 65, "NroSats": 2 }
